family,level,instance,algorithm,colors_used,execution_time,valid,error,num_vertices,num_edges,density,avg_degree,metadata
sudoku,easy,sudoku_easy_0,greedy,14,0.00012809998588636518,True,,81,810,0.25,20.0,"{""size"": 9, ""difficulty"": ""easy"", ""given_cells"": 42}"
sudoku,easy,sudoku_easy_0,dsatur,10,0.0008047999872360379,True,,81,810,0.25,20.0,"{""size"": 9, ""difficulty"": ""easy"", ""given_cells"": 42}"
sudoku,easy,sudoku_easy_0,welsh_powell,14,0.0005800999933853745,True,,81,810,0.25,20.0,"{""size"": 9, ""difficulty"": ""easy"", ""given_cells"": 42}"
sudoku,easy,sudoku_easy_0,smallest_last,14,0.0017896000063046813,True,,81,810,0.25,20.0,"{""size"": 9, ""difficulty"": ""easy"", ""given_cells"": 42}"
sudoku,easy,sudoku_easy_0,largest_first,14,0.00011640001321211457,True,,81,810,0.25,20.0,"{""size"": 9, ""difficulty"": ""easy"", ""given_cells"": 42}"
sudoku,easy,sudoku_easy_0,iterated_greedy,11,0.0005422999965958297,True,,81,810,0.25,20.0,"{""size"": 9, ""difficulty"": ""easy"", ""given_cells"": 42}"
sudoku,easy,sudoku_easy_1,greedy,14,0.0001024999946821481,True,,81,810,0.25,20.0,"{""size"": 9, ""difficulty"": ""easy"", ""given_cells"": 43}"
sudoku,easy,sudoku_easy_1,dsatur,10,0.0006480999873019755,True,,81,810,0.25,20.0,"{""size"": 9, ""difficulty"": ""easy"", ""given_cells"": 43}"
sudoku,easy,sudoku_easy_1,welsh_powell,14,0.0003915000124834478,True,,81,810,0.25,20.0,"{""size"": 9, ""difficulty"": ""easy"", ""given_cells"": 43}"
sudoku,easy,sudoku_easy_1,smallest_last,14,0.0015740000235382468,True,,81,810,0.25,20.0,"{""size"": 9, ""difficulty"": ""easy"", ""given_cells"": 43}"
sudoku,easy,sudoku_easy_1,largest_first,14,0.0001126999850384891,True,,81,810,0.25,20.0,"{""size"": 9, ""difficulty"": ""easy"", ""given_cells"": 43}"
sudoku,easy,sudoku_easy_1,iterated_greedy,11,0.0005095000087749213,True,,81,810,0.25,20.0,"{""size"": 9, ""difficulty"": ""easy"", ""given_cells"": 43}"
sudoku,medium,sudoku_medium_0,greedy,14,0.00010410000686533749,True,,81,810,0.25,20.0,"{""size"": 9, ""difficulty"": ""medium"", ""given_cells"": 30}"
sudoku,medium,sudoku_medium_0,dsatur,10,0.0007523999956902117,True,,81,810,0.25,20.0,"{""size"": 9, ""difficulty"": ""medium"", ""given_cells"": 30}"
sudoku,medium,sudoku_medium_0,welsh_powell,14,0.000440500007243827,True,,81,810,0.25,20.0,"{""size"": 9, ""difficulty"": ""medium"", ""given_cells"": 30}"
sudoku,medium,sudoku_medium_0,smallest_last,14,0.0016309999919030815,True,,81,810,0.25,20.0,"{""size"": 9, ""difficulty"": ""medium"", ""given_cells"": 30}"
sudoku,medium,sudoku_medium_0,largest_first,14,0.00011320001794956625,True,,81,810,0.25,20.0,"{""size"": 9, ""difficulty"": ""medium"", ""given_cells"": 30}"
sudoku,medium,sudoku_medium_0,iterated_greedy,11,0.0005151999939698726,True,,81,810,0.25,20.0,"{""size"": 9, ""difficulty"": ""medium"", ""given_cells"": 30}"
sudoku,medium,sudoku_medium_1,greedy,14,0.00010289999772794545,True,,81,810,0.25,20.0,"{""size"": 9, ""difficulty"": ""medium"", ""given_cells"": 32}"
sudoku,medium,sudoku_medium_1,dsatur,10,0.0007025999948382378,True,,81,810,0.25,20.0,"{""size"": 9, ""difficulty"": ""medium"", ""given_cells"": 32}"
sudoku,medium,sudoku_medium_1,welsh_powell,14,0.0003923000185750425,True,,81,810,0.25,20.0,"{""size"": 9, ""difficulty"": ""medium"", ""given_cells"": 32}"
sudoku,medium,sudoku_medium_1,smallest_last,14,0.0016494999872520566,True,,81,810,0.25,20.0,"{""size"": 9, ""difficulty"": ""medium"", ""given_cells"": 32}"
sudoku,medium,sudoku_medium_1,largest_first,14,0.0001139000232797116,True,,81,810,0.25,20.0,"{""size"": 9, ""difficulty"": ""medium"", ""given_cells"": 32}"
sudoku,medium,sudoku_medium_1,iterated_greedy,11,0.0005061999836470932,True,,81,810,0.25,20.0,"{""size"": 9, ""difficulty"": ""medium"", ""given_cells"": 32}"
sudoku,hard,sudoku_hard_0,greedy,14,9.479999425821006e-05,True,,81,810,0.25,20.0,"{""size"": 9, ""difficulty"": ""hard"", ""given_cells"": 28}"
sudoku,hard,sudoku_hard_0,dsatur,10,0.0007347999780904502,True,,81,810,0.25,20.0,"{""size"": 9, ""difficulty"": ""hard"", ""given_cells"": 28}"
sudoku,hard,sudoku_hard_0,welsh_powell,14,0.00039229998947121203,True,,81,810,0.25,20.0,"{""size"": 9, ""difficulty"": ""hard"", ""given_cells"": 28}"
sudoku,hard,sudoku_hard_0,smallest_last,14,0.0016814999980852008,True,,81,810,0.25,20.0,"{""size"": 9, ""difficulty"": ""hard"", ""given_cells"": 28}"
sudoku,hard,sudoku_hard_0,largest_first,14,0.00011220001033507288,True,,81,810,0.25,20.0,"{""size"": 9, ""difficulty"": ""hard"", ""given_cells"": 28}"
sudoku,hard,sudoku_hard_0,iterated_greedy,11,0.0005364000098779798,True,,81,810,0.25,20.0,"{""size"": 9, ""difficulty"": ""hard"", ""given_cells"": 28}"
sudoku,hard,sudoku_hard_1,greedy,14,0.00010519998613744974,True,,81,810,0.25,20.0,"{""size"": 9, ""difficulty"": ""hard"", ""given_cells"": 26}"
sudoku,hard,sudoku_hard_1,dsatur,10,0.0007320000149775296,True,,81,810,0.25,20.0,"{""size"": 9, ""difficulty"": ""hard"", ""given_cells"": 26}"
sudoku,hard,sudoku_hard_1,welsh_powell,14,0.0003955999854952097,True,,81,810,0.25,20.0,"{""size"": 9, ""difficulty"": ""hard"", ""given_cells"": 26}"
sudoku,hard,sudoku_hard_1,smallest_last,14,0.0015165999939199537,True,,81,810,0.25,20.0,"{""size"": 9, ""difficulty"": ""hard"", ""given_cells"": 26}"
sudoku,hard,sudoku_hard_1,largest_first,14,9.919999865815043e-05,True,,81,810,0.25,20.0,"{""size"": 9, ""difficulty"": ""hard"", ""given_cells"": 26}"
sudoku,hard,sudoku_hard_1,iterated_greedy,11,0.0005321000062394887,True,,81,810,0.25,20.0,"{""size"": 9, ""difficulty"": ""hard"", ""given_cells"": 26}"
sudoku,expert,sudoku_expert_0,greedy,14,0.00012989999959245324,True,,81,810,0.25,20.0,"{""size"": 9, ""difficulty"": ""expert"", ""given_cells"": 23}"
sudoku,expert,sudoku_expert_0,dsatur,10,0.0007548999856226146,True,,81,810,0.25,20.0,"{""size"": 9, ""difficulty"": ""expert"", ""given_cells"": 23}"
sudoku,expert,sudoku_expert_0,welsh_powell,14,0.000440200004959479,True,,81,810,0.25,20.0,"{""size"": 9, ""difficulty"": ""expert"", ""given_cells"": 23}"
sudoku,expert,sudoku_expert_0,smallest_last,14,0.0017297000158578157,True,,81,810,0.25,20.0,"{""size"": 9, ""difficulty"": ""expert"", ""given_cells"": 23}"
sudoku,expert,sudoku_expert_0,largest_first,14,0.00011419999646022916,True,,81,810,0.25,20.0,"{""size"": 9, ""difficulty"": ""expert"", ""given_cells"": 23}"
sudoku,expert,sudoku_expert_0,iterated_greedy,11,0.0005741000059060752,True,,81,810,0.25,20.0,"{""size"": 9, ""difficulty"": ""expert"", ""given_cells"": 23}"
sudoku,expert,sudoku_expert_1,greedy,14,0.00010190001921728253,True,,81,810,0.25,20.0,"{""size"": 9, ""difficulty"": ""expert"", ""given_cells"": 23}"
sudoku,expert,sudoku_expert_1,dsatur,10,0.0006603999936487526,True,,81,810,0.25,20.0,"{""size"": 9, ""difficulty"": ""expert"", ""given_cells"": 23}"
sudoku,expert,sudoku_expert_1,welsh_powell,14,0.00043220000225119293,True,,81,810,0.25,20.0,"{""size"": 9, ""difficulty"": ""expert"", ""given_cells"": 23}"
sudoku,expert,sudoku_expert_1,smallest_last,14,0.0015997000155039132,True,,81,810,0.25,20.0,"{""size"": 9, ""difficulty"": ""expert"", ""given_cells"": 23}"
sudoku,expert,sudoku_expert_1,largest_first,14,0.0001010000123642385,True,,81,810,0.25,20.0,"{""size"": 9, ""difficulty"": ""expert"", ""given_cells"": 23}"
sudoku,expert,sudoku_expert_1,iterated_greedy,10,0.0004758999857585877,True,,81,810,0.25,20.0,"{""size"": 9, ""difficulty"": ""expert"", ""given_cells"": 23}"
nqueens,small,nqueens_small_0,greedy,13,7.330000516958535e-05,True,,64,728,0.3611111111111111,22.75,"{""size"": 8}"
nqueens,small,nqueens_small_0,dsatur,12,0.0005554999806918204,True,,64,728,0.3611111111111111,22.75,"{""size"": 8}"
nqueens,small,nqueens_small_0,welsh_powell,13,0.0003409000055398792,True,,64,728,0.3611111111111111,22.75,"{""size"": 8}"
nqueens,small,nqueens_small_0,smallest_last,15,0.0011781000066548586,True,,64,728,0.3611111111111111,22.75,"{""size"": 8}"
nqueens,small,nqueens_small_0,largest_first,13,8.990001515485346e-05,True,,64,728,0.3611111111111111,22.75,"{""size"": 8}"
nqueens,small,nqueens_small_0,iterated_greedy,12,0.0004141000099480152,True,,64,728,0.3611111111111111,22.75,"{""size"": 8}"
nqueens,small,nqueens_small_1,greedy,13,7.339997682720423e-05,True,,64,728,0.3611111111111111,22.75,"{""size"": 8}"
nqueens,small,nqueens_small_1,dsatur,12,0.0005454000202007592,True,,64,728,0.3611111111111111,22.75,"{""size"": 8}"
nqueens,small,nqueens_small_1,welsh_powell,13,0.0003237000200897455,True,,64,728,0.3611111111111111,22.75,"{""size"": 8}"
nqueens,small,nqueens_small_1,smallest_last,15,0.0011531999916769564,True,,64,728,0.3611111111111111,22.75,"{""size"": 8}"
nqueens,small,nqueens_small_1,largest_first,13,8.830000297166407e-05,True,,64,728,0.3611111111111111,22.75,"{""size"": 8}"
nqueens,small,nqueens_small_1,iterated_greedy,12,0.0004330999800004065,True,,64,728,0.3611111111111111,22.75,"{""size"": 8}"
nqueens,medium,nqueens_medium_0,greedy,25,0.0006656999757979065,True,,256,6320,0.19362745098039216,49.375,"{""size"": 16}"
nqueens,medium,nqueens_medium_0,dsatur,22,0.007442699978128076,True,,256,6320,0.19362745098039216,49.375,"{""size"": 16}"
nqueens,medium,nqueens_medium_0,welsh_powell,26,0.004508899990469217,True,,256,6320,0.19362745098039216,49.375,"{""size"": 16}"
nqueens,medium,nqueens_medium_0,smallest_last,24,0.013726800010772422,True,,256,6320,0.19362745098039216,49.375,"{""size"": 16}"
nqueens,medium,nqueens_medium_0,largest_first,27,0.0006611999997403473,True,,256,6320,0.19362745098039216,49.375,"{""size"": 16}"
nqueens,medium,nqueens_medium_0,iterated_greedy,22,0.0032065999985206872,True,,256,6320,0.19362745098039216,49.375,"{""size"": 16}"
nqueens,medium,nqueens_medium_1,greedy,25,0.000752499996451661,True,,256,6320,0.19362745098039216,49.375,"{""size"": 16}"
nqueens,medium,nqueens_medium_1,dsatur,22,0.005025699996622279,True,,256,6320,0.19362745098039216,49.375,"{""size"": 16}"
nqueens,medium,nqueens_medium_1,welsh_powell,26,0.00400319998152554,True,,256,6320,0.19362745098039216,49.375,"{""size"": 16}"
nqueens,medium,nqueens_medium_1,smallest_last,24,0.020948799996403977,True,,256,6320,0.19362745098039216,49.375,"{""size"": 16}"
nqueens,medium,nqueens_medium_1,largest_first,27,0.0007653000066056848,True,,256,6320,0.19362745098039216,49.375,"{""size"": 16}"
nqueens,medium,nqueens_medium_1,iterated_greedy,23,0.003333699976792559,True,,256,6320,0.19362745098039216,49.375,"{""size"": 16}"
nqueens,large,nqueens_large_0,greedy,51,0.005226100009167567,True,,1024,52576,0.10037878787878787,102.6875,"{""size"": 32}"
nqueens,large,nqueens_large_0,dsatur,41,0.0811350999865681,True,,1024,52576,0.10037878787878787,102.6875,"{""size"": 32}"
nqueens,large,nqueens_large_0,welsh_powell,54,0.04303060000529513,True,,1024,52576,0.10037878787878787,102.6875,"{""size"": 32}"
nqueens,large,nqueens_large_0,smallest_last,51,0.18611910002073273,True,,1024,52576,0.10037878787878787,102.6875,"{""size"": 32}"
nqueens,large,nqueens_large_0,largest_first,51,0.00929570000153035,True,,1024,52576,0.10037878787878787,102.6875,"{""size"": 32}"
nqueens,large,nqueens_large_0,iterated_greedy,42,0.032459499983815476,True,,1024,52576,0.10037878787878787,102.6875,"{""size"": 32}"
latin_square,light,latin_square_light_0,greedy,8,2.2299995180219412e-05,True,,25,100,0.3333333333333333,8.0,"{""size"": 5, ""clue_fraction"": 0.7}"
latin_square,light,latin_square_light_0,dsatur,5,0.00013160001253709197,True,,25,100,0.3333333333333333,8.0,"{""size"": 5, ""clue_fraction"": 0.7}"
latin_square,light,latin_square_light_0,welsh_powell,8,9.359998512081802e-05,True,,25,100,0.3333333333333333,8.0,"{""size"": 5, ""clue_fraction"": 0.7}"
latin_square,light,latin_square_light_0,smallest_last,8,0.00028559999191202223,True,,25,100,0.3333333333333333,8.0,"{""size"": 5, ""clue_fraction"": 0.7}"
latin_square,light,latin_square_light_0,largest_first,8,2.2899999748915434e-05,True,,25,100,0.3333333333333333,8.0,"{""size"": 5, ""clue_fraction"": 0.7}"
latin_square,light,latin_square_light_0,iterated_greedy,5,9.369998588226736e-05,True,,25,100,0.3333333333333333,8.0,"{""size"": 5, ""clue_fraction"": 0.7}"
latin_square,light,latin_square_light_1,greedy,8,1.8799997633323073e-05,True,,25,100,0.3333333333333333,8.0,"{""size"": 5, ""clue_fraction"": 0.7}"
latin_square,light,latin_square_light_1,dsatur,5,0.00011940000695176423,True,,25,100,0.3333333333333333,8.0,"{""size"": 5, ""clue_fraction"": 0.7}"
latin_square,light,latin_square_light_1,welsh_powell,8,7.249999907799065e-05,True,,25,100,0.3333333333333333,8.0,"{""size"": 5, ""clue_fraction"": 0.7}"
latin_square,light,latin_square_light_1,smallest_last,8,0.00022979997447691858,True,,25,100,0.3333333333333333,8.0,"{""size"": 5, ""clue_fraction"": 0.7}"
latin_square,light,latin_square_light_1,largest_first,8,2.2899999748915434e-05,True,,25,100,0.3333333333333333,8.0,"{""size"": 5, ""clue_fraction"": 0.7}"
latin_square,light,latin_square_light_1,iterated_greedy,5,0.00010299999848939478,True,,25,100,0.3333333333333333,8.0,"{""size"": 5, ""clue_fraction"": 0.7}"
latin_square,balanced,latin_square_balanced_0,greedy,8,4.0799990529194474e-05,True,,49,294,0.25,12.0,"{""size"": 7, ""clue_fraction"": 0.5}"
latin_square,balanced,latin_square_balanced_0,dsatur,7,0.0002639999729581177,True,,49,294,0.25,12.0,"{""size"": 7, ""clue_fraction"": 0.5}"
latin_square,balanced,latin_square_balanced_0,welsh_powell,8,0.00015529998927377164,True,,49,294,0.25,12.0,"{""size"": 7, ""clue_fraction"": 0.5}"
latin_square,balanced,latin_square_balanced_0,smallest_last,8,0.0005750000127591193,True,,49,294,0.25,12.0,"{""size"": 7, ""clue_fraction"": 0.5}"
latin_square,balanced,latin_square_balanced_0,largest_first,8,4.5199994929134846e-05,True,,49,294,0.25,12.0,"{""size"": 7, ""clue_fraction"": 0.5}"
latin_square,balanced,latin_square_balanced_0,iterated_greedy,8,0.00021430000197142363,True,,49,294,0.25,12.0,"{""size"": 7, ""clue_fraction"": 0.5}"
latin_square,balanced,latin_square_balanced_1,greedy,8,3.850000211969018e-05,True,,49,294,0.25,12.0,"{""size"": 7, ""clue_fraction"": 0.5}"
latin_square,balanced,latin_square_balanced_1,dsatur,7,0.0002541000139899552,True,,49,294,0.25,12.0,"{""size"": 7, ""clue_fraction"": 0.5}"
latin_square,balanced,latin_square_balanced_1,welsh_powell,8,0.0001564000267535448,True,,49,294,0.25,12.0,"{""size"": 7, ""clue_fraction"": 0.5}"
latin_square,balanced,latin_square_balanced_1,smallest_last,8,0.0005661999748554081,True,,49,294,0.25,12.0,"{""size"": 7, ""clue_fraction"": 0.5}"
latin_square,balanced,latin_square_balanced_1,largest_first,8,4.3899985030293465e-05,True,,49,294,0.25,12.0,"{""size"": 7, ""clue_fraction"": 0.5}"
latin_square,balanced,latin_square_balanced_1,iterated_greedy,8,0.00020730000687763095,True,,49,294,0.25,12.0,"{""size"": 7, ""clue_fraction"": 0.5}"
latin_square,sparse,latin_square_sparse_0,greedy,16,7.700000423938036e-05,True,,81,648,0.2,16.0,"{""size"": 9, ""clue_fraction"": 0.35}"
latin_square,sparse,latin_square_sparse_0,dsatur,9,0.0005664999771397561,True,,81,648,0.2,16.0,"{""size"": 9, ""clue_fraction"": 0.35}"
latin_square,sparse,latin_square_sparse_0,welsh_powell,16,0.0003789999755099416,True,,81,648,0.2,16.0,"{""size"": 9, ""clue_fraction"": 0.35}"
latin_square,sparse,latin_square_sparse_0,smallest_last,16,0.0013681999989785254,True,,81,648,0.2,16.0,"{""size"": 9, ""clue_fraction"": 0.35}"
latin_square,sparse,latin_square_sparse_0,largest_first,16,8.72999953571707e-05,True,,81,648,0.2,16.0,"{""size"": 9, ""clue_fraction"": 0.35}"
latin_square,sparse,latin_square_sparse_0,iterated_greedy,11,0.0004126999992877245,True,,81,648,0.2,16.0,"{""size"": 9, ""clue_fraction"": 0.35}"
map_coloring,small,map_coloring_small_0,greedy,4,6.099988240748644e-06,True,,12,26,0.3939393939393939,4.333333333333333,"{""regions"": 12}"
map_coloring,small,map_coloring_small_0,dsatur,5,3.1400006264448166e-05,True,,12,26,0.3939393939393939,4.333333333333333,"{""regions"": 12}"
map_coloring,small,map_coloring_small_0,welsh_powell,4,2.020000829361379e-05,True,,12,26,0.3939393939393939,4.333333333333333,"{""regions"": 12}"
map_coloring,small,map_coloring_small_0,smallest_last,4,6.780002149753273e-05,True,,12,26,0.3939393939393939,4.333333333333333,"{""regions"": 12}"
map_coloring,small,map_coloring_small_0,largest_first,4,8.200004231184721e-06,True,,12,26,0.3939393939393939,4.333333333333333,"{""regions"": 12}"
map_coloring,small,map_coloring_small_0,iterated_greedy,4,3.2499985536560416e-05,True,,12,26,0.3939393939393939,4.333333333333333,"{""regions"": 12}"
map_coloring,small,map_coloring_small_1,greedy,4,5.1000097300857306e-06,True,,12,26,0.3939393939393939,4.333333333333333,"{""regions"": 12}"
map_coloring,small,map_coloring_small_1,dsatur,4,2.850001328624785e-05,True,,12,26,0.3939393939393939,4.333333333333333,"{""regions"": 12}"
map_coloring,small,map_coloring_small_1,welsh_powell,4,1.960000372491777e-05,True,,12,26,0.3939393939393939,4.333333333333333,"{""regions"": 12}"
map_coloring,small,map_coloring_small_1,smallest_last,4,6.6100008552894e-05,True,,12,26,0.3939393939393939,4.333333333333333,"{""regions"": 12}"
map_coloring,small,map_coloring_small_1,largest_first,4,8.000002708286047e-06,True,,12,26,0.3939393939393939,4.333333333333333,"{""regions"": 12}"
map_coloring,small,map_coloring_small_1,iterated_greedy,4,3.1400006264448166e-05,True,,12,26,0.3939393939393939,4.333333333333333,"{""regions"": 12}"
map_coloring,medium,map_coloring_medium_0,greedy,5,8.000002708286047e-06,True,,18,44,0.2875816993464052,4.888888888888889,"{""regions"": 18}"
map_coloring,medium,map_coloring_medium_0,dsatur,4,4.5900000259280205e-05,True,,18,44,0.2875816993464052,4.888888888888889,"{""regions"": 18}"
map_coloring,medium,map_coloring_medium_0,welsh_powell,4,2.9000017093494534e-05,True,,18,44,0.2875816993464052,4.888888888888889,"{""regions"": 18}"
map_coloring,medium,map_coloring_medium_0,smallest_last,4,0.00010839998139999807,True,,18,44,0.2875816993464052,4.888888888888889,"{""regions"": 18}"
map_coloring,medium,map_coloring_medium_0,largest_first,4,1.1500000255182385e-05,True,,18,44,0.2875816993464052,4.888888888888889,"{""regions"": 18}"
map_coloring,medium,map_coloring_medium_0,iterated_greedy,5,4.770001396536827e-05,True,,18,44,0.2875816993464052,4.888888888888889,"{""regions"": 18}"
map_coloring,medium,map_coloring_medium_1,greedy,4,7.499998901039362e-06,True,,18,44,0.2875816993464052,4.888888888888889,"{""regions"": 18}"
map_coloring,medium,map_coloring_medium_1,dsatur,4,4.650000482797623e-05,True,,18,44,0.2875816993464052,4.888888888888889,"{""regions"": 18}"
map_coloring,medium,map_coloring_medium_1,welsh_powell,4,2.7900008717551827e-05,True,,18,44,0.2875816993464052,4.888888888888889,"{""regions"": 18}"
map_coloring,medium,map_coloring_medium_1,smallest_last,4,0.0001109000004362315,True,,18,44,0.2875816993464052,4.888888888888889,"{""regions"": 18}"
map_coloring,medium,map_coloring_medium_1,largest_first,4,1.1299998732283711e-05,True,,18,44,0.2875816993464052,4.888888888888889,"{""regions"": 18}"
map_coloring,medium,map_coloring_medium_1,iterated_greedy,5,4.569999873638153e-05,True,,18,44,0.2875816993464052,4.888888888888889,"{""regions"": 18}"
map_coloring,large,map_coloring_large_0,greedy,5,9.899988071992993e-06,True,,24,62,0.2246376811594203,5.166666666666667,"{""regions"": 24}"
map_coloring,large,map_coloring_large_0,dsatur,5,5.900001269765198e-05,True,,24,62,0.2246376811594203,5.166666666666667,"{""regions"": 24}"
map_coloring,large,map_coloring_large_0,welsh_powell,5,3.860000288113952e-05,True,,24,62,0.2246376811594203,5.166666666666667,"{""regions"": 24}"
map_coloring,large,map_coloring_large_0,smallest_last,5,0.00014990000636316836,True,,24,62,0.2246376811594203,5.166666666666667,"{""regions"": 24}"
map_coloring,large,map_coloring_large_0,largest_first,4,1.4499993994832039e-05,True,,24,62,0.2246376811594203,5.166666666666667,"{""regions"": 24}"
map_coloring,large,map_coloring_large_0,iterated_greedy,5,5.980001878924668e-05,True,,24,62,0.2246376811594203,5.166666666666667,"{""regions"": 24}"
futoshiki,small,futoshiki_small_0,greedy,8,2.2199994418770075e-05,True,,25,100,0.3333333333333333,8.0,"{""size"": 5, ""num_inequalities"": 5}"
futoshiki,small,futoshiki_small_0,dsatur,5,0.0001280000142287463,True,,25,100,0.3333333333333333,8.0,"{""size"": 5, ""num_inequalities"": 5}"
futoshiki,small,futoshiki_small_0,welsh_powell,8,7.430001278407872e-05,True,,25,100,0.3333333333333333,8.0,"{""size"": 5, ""num_inequalities"": 5}"
futoshiki,small,futoshiki_small_0,smallest_last,8,0.00024930000654421747,True,,25,100,0.3333333333333333,8.0,"{""size"": 5, ""num_inequalities"": 5}"
futoshiki,small,futoshiki_small_0,largest_first,8,2.1299987565726042e-05,True,,25,100,0.3333333333333333,8.0,"{""size"": 5, ""num_inequalities"": 5}"
futoshiki,small,futoshiki_small_0,iterated_greedy,5,9.670000872574747e-05,True,,25,100,0.3333333333333333,8.0,"{""size"": 5, ""num_inequalities"": 5}"
futoshiki,small,futoshiki_small_1,greedy,8,1.7200014553964138e-05,True,,25,100,0.3333333333333333,8.0,"{""size"": 5, ""num_inequalities"": 5}"
futoshiki,small,futoshiki_small_1,dsatur,5,0.00010530001600272954,True,,25,100,0.3333333333333333,8.0,"{""size"": 5, ""num_inequalities"": 5}"
futoshiki,small,futoshiki_small_1,welsh_powell,8,6.919997395016253e-05,True,,25,100,0.3333333333333333,8.0,"{""size"": 5, ""num_inequalities"": 5}"
futoshiki,small,futoshiki_small_1,smallest_last,8,0.00041539999074302614,True,,25,100,0.3333333333333333,8.0,"{""size"": 5, ""num_inequalities"": 5}"
futoshiki,small,futoshiki_small_1,largest_first,8,2.1799991372972727e-05,True,,25,100,0.3333333333333333,8.0,"{""size"": 5, ""num_inequalities"": 5}"
futoshiki,small,futoshiki_small_1,iterated_greedy,6,9.600000339560211e-05,True,,25,100,0.3333333333333333,8.0,"{""size"": 5, ""num_inequalities"": 5}"
futoshiki,medium,futoshiki_medium_0,greedy,8,2.5599991204217076e-05,True,,36,180,0.2857142857142857,10.0,"{""size"": 6, ""num_inequalities"": 6}"
futoshiki,medium,futoshiki_medium_0,dsatur,6,0.0001742999884299934,True,,36,180,0.2857142857142857,10.0,"{""size"": 6, ""num_inequalities"": 6}"
futoshiki,medium,futoshiki_medium_0,welsh_powell,8,0.00010619999375194311,True,,36,180,0.2857142857142857,10.0,"{""size"": 6, ""num_inequalities"": 6}"
futoshiki,medium,futoshiki_medium_0,smallest_last,8,0.0003979999746661633,True,,36,180,0.2857142857142857,10.0,"{""size"": 6, ""num_inequalities"": 6}"
futoshiki,medium,futoshiki_medium_0,largest_first,8,3.0399998649954796e-05,True,,36,180,0.2857142857142857,10.0,"{""size"": 6, ""num_inequalities"": 6}"
futoshiki,medium,futoshiki_medium_0,iterated_greedy,7,0.0001398000167682767,True,,36,180,0.2857142857142857,10.0,"{""size"": 6, ""num_inequalities"": 6}"
futoshiki,medium,futoshiki_medium_1,greedy,8,2.5199988158419728e-05,True,,36,180,0.2857142857142857,10.0,"{""size"": 6, ""num_inequalities"": 6}"
futoshiki,medium,futoshiki_medium_1,dsatur,6,0.0001674999948590994,True,,36,180,0.2857142857142857,10.0,"{""size"": 6, ""num_inequalities"": 6}"
futoshiki,medium,futoshiki_medium_1,welsh_powell,8,0.00010689999908208847,True,,36,180,0.2857142857142857,10.0,"{""size"": 6, ""num_inequalities"": 6}"
futoshiki,medium,futoshiki_medium_1,smallest_last,8,0.00038770001265220344,True,,36,180,0.2857142857142857,10.0,"{""size"": 6, ""num_inequalities"": 6}"
futoshiki,medium,futoshiki_medium_1,largest_first,8,3.0499999411404133e-05,True,,36,180,0.2857142857142857,10.0,"{""size"": 6, ""num_inequalities"": 6}"
futoshiki,medium,futoshiki_medium_1,iterated_greedy,7,0.00014250000822357833,True,,36,180,0.2857142857142857,10.0,"{""size"": 6, ""num_inequalities"": 6}"
futoshiki,large,futoshiki_large_0,greedy,8,3.860000288113952e-05,True,,49,294,0.25,12.0,"{""size"": 7, ""num_inequalities"": 7}"
futoshiki,large,futoshiki_large_0,dsatur,7,0.00030009998590685427,True,,49,294,0.25,12.0,"{""size"": 7, ""num_inequalities"": 7}"
futoshiki,large,futoshiki_large_0,welsh_powell,8,0.00018759997328743339,True,,49,294,0.25,12.0,"{""size"": 7, ""num_inequalities"": 7}"
futoshiki,large,futoshiki_large_0,smallest_last,8,0.0007793999975547194,True,,49,294,0.25,12.0,"{""size"": 7, ""num_inequalities"": 7}"
futoshiki,large,futoshiki_large_0,largest_first,8,5.5800017435103655e-05,True,,49,294,0.25,12.0,"{""size"": 7, ""num_inequalities"": 7}"
futoshiki,large,futoshiki_large_0,iterated_greedy,8,0.00024309998843818903,True,,49,294,0.25,12.0,"{""size"": 7, ""num_inequalities"": 7}"
kakuro,small,kakuro_small_0,greedy,5,2.1500018192455173e-05,True,,48,109,0.09663120567375887,4.541666666666667,"{""rows"": 8, ""cols"": 8}"
kakuro,small,kakuro_small_0,dsatur,5,0.00014620000729337335,True,,48,109,0.09663120567375887,4.541666666666667,"{""rows"": 8, ""cols"": 8}"
kakuro,small,kakuro_small_0,welsh_powell,6,8.719999459572136e-05,True,,48,109,0.09663120567375887,4.541666666666667,"{""rows"": 8, ""cols"": 8}"
kakuro,small,kakuro_small_0,smallest_last,5,0.0004067000118084252,True,,48,109,0.09663120567375887,4.541666666666667,"{""rows"": 8, ""cols"": 8}"
kakuro,small,kakuro_small_0,largest_first,5,3.090000245720148e-05,True,,48,109,0.09663120567375887,4.541666666666667,"{""rows"": 8, ""cols"": 8}"
kakuro,small,kakuro_small_0,iterated_greedy,5,0.0001264000020455569,True,,48,109,0.09663120567375887,4.541666666666667,"{""rows"": 8, ""cols"": 8}"
kakuro,small,kakuro_small_1,greedy,5,1.960000372491777e-05,True,,48,94,0.08333333333333333,3.9166666666666665,"{""rows"": 8, ""cols"": 8}"
kakuro,small,kakuro_small_1,dsatur,5,0.0001362999901175499,True,,48,94,0.08333333333333333,3.9166666666666665,"{""rows"": 8, ""cols"": 8}"
kakuro,small,kakuro_small_1,welsh_powell,5,7.769998046569526e-05,True,,48,94,0.08333333333333333,3.9166666666666665,"{""rows"": 8, ""cols"": 8}"
kakuro,small,kakuro_small_1,smallest_last,5,0.00040210000588558614,True,,48,94,0.08333333333333333,3.9166666666666665,"{""rows"": 8, ""cols"": 8}"
kakuro,small,kakuro_small_1,largest_first,5,2.8399983420968056e-05,True,,48,94,0.08333333333333333,3.9166666666666665,"{""rows"": 8, ""cols"": 8}"
kakuro,small,kakuro_small_1,iterated_greedy,5,0.00011659998563118279,True,,48,94,0.08333333333333333,3.9166666666666665,"{""rows"": 8, ""cols"": 8}"
kakuro,medium,kakuro_medium_0,greedy,5,3.0099996365606785e-05,True,,77,153,0.052289815447710185,3.9740259740259742,"{""rows"": 10, ""cols"": 10}"
kakuro,medium,kakuro_medium_0,dsatur,5,0.00022539999918080866,True,,77,153,0.052289815447710185,3.9740259740259742,"{""rows"": 10, ""cols"": 10}"
kakuro,medium,kakuro_medium_0,welsh_powell,5,0.00012730000889860094,True,,77,153,0.052289815447710185,3.9740259740259742,"{""rows"": 10, ""cols"": 10}"
kakuro,medium,kakuro_medium_0,smallest_last,5,0.0008368999988306314,True,,77,153,0.052289815447710185,3.9740259740259742,"{""rows"": 10, ""cols"": 10}"
kakuro,medium,kakuro_medium_0,largest_first,5,4.499999340623617e-05,True,,77,153,0.052289815447710185,3.9740259740259742,"{""rows"": 10, ""cols"": 10}"
kakuro,medium,kakuro_medium_0,iterated_greedy,5,0.00018149998504668474,True,,77,153,0.052289815447710185,3.9740259740259742,"{""rows"": 10, ""cols"": 10}"
kakuro,medium,kakuro_medium_1,greedy,5,2.889998722821474e-05,True,,80,136,0.043037974683544304,3.4,"{""rows"": 10, ""cols"": 10}"
kakuro,medium,kakuro_medium_1,dsatur,5,0.00021579998428933322,True,,80,136,0.043037974683544304,3.4,"{""rows"": 10, ""cols"": 10}"
kakuro,medium,kakuro_medium_1,welsh_powell,5,0.00012069998774677515,True,,80,136,0.043037974683544304,3.4,"{""rows"": 10, ""cols"": 10}"
kakuro,medium,kakuro_medium_1,smallest_last,5,0.0008903999987524003,True,,80,136,0.043037974683544304,3.4,"{""rows"": 10, ""cols"": 10}"
kakuro,medium,kakuro_medium_1,largest_first,5,4.7299981815740466e-05,True,,80,136,0.043037974683544304,3.4,"{""rows"": 10, ""cols"": 10}"
kakuro,medium,kakuro_medium_1,iterated_greedy,5,0.0002135000249836594,True,,80,136,0.043037974683544304,3.4,"{""rows"": 10, ""cols"": 10}"
kakuro,large,kakuro_large_0,greedy,6,5.2000017603859305e-05,True,,121,241,0.033195592286501374,3.9834710743801653,"{""rows"": 12, ""cols"": 12}"
kakuro,large,kakuro_large_0,dsatur,5,0.0004265999887138605,True,,121,241,0.033195592286501374,3.9834710743801653,"{""rows"": 12, ""cols"": 12}"
kakuro,large,kakuro_large_0,welsh_powell,5,0.00022960000205785036,True,,121,241,0.033195592286501374,3.9834710743801653,"{""rows"": 12, ""cols"": 12}"
kakuro,large,kakuro_large_0,smallest_last,5,0.00230540000484325,True,,121,241,0.033195592286501374,3.9834710743801653,"{""rows"": 12, ""cols"": 12}"
kakuro,large,kakuro_large_0,largest_first,5,9.759998647496104e-05,True,,121,241,0.033195592286501374,3.9834710743801653,"{""rows"": 12, ""cols"": 12}"
kakuro,large,kakuro_large_0,iterated_greedy,5,0.0003979999746661633,True,,121,241,0.033195592286501374,3.9834710743801653,"{""rows"": 12, ""cols"": 12}"
custom_graph,sparse,custom_graph_sparse_0,greedy,3,1.1900003300979733e-05,True,,30,18,0.041379310344827586,1.2,"{""nodes"": 30, ""edge_prob"": 0.05}"
custom_graph,sparse,custom_graph_sparse_0,dsatur,3,6.829999620094895e-05,True,,30,18,0.041379310344827586,1.2,"{""nodes"": 30, ""edge_prob"": 0.05}"
custom_graph,sparse,custom_graph_sparse_0,welsh_powell,3,4.099999205209315e-05,True,,30,18,0.041379310344827586,1.2,"{""nodes"": 30, ""edge_prob"": 0.05}"
custom_graph,sparse,custom_graph_sparse_0,smallest_last,3,0.00021430000197142363,True,,30,18,0.041379310344827586,1.2,"{""nodes"": 30, ""edge_prob"": 0.05}"
custom_graph,sparse,custom_graph_sparse_0,largest_first,3,1.850002445280552e-05,True,,30,18,0.041379310344827586,1.2,"{""nodes"": 30, ""edge_prob"": 0.05}"
custom_graph,sparse,custom_graph_sparse_0,iterated_greedy,3,7.059998461045325e-05,True,,30,18,0.041379310344827586,1.2,"{""nodes"": 30, ""edge_prob"": 0.05}"
custom_graph,sparse,custom_graph_sparse_1,greedy,4,1.0499992640689015e-05,True,,30,20,0.04597701149425287,1.3333333333333333,"{""nodes"": 30, ""edge_prob"": 0.05}"
custom_graph,sparse,custom_graph_sparse_1,dsatur,3,6.590000702999532e-05,True,,30,20,0.04597701149425287,1.3333333333333333,"{""nodes"": 30, ""edge_prob"": 0.05}"
custom_graph,sparse,custom_graph_sparse_1,welsh_powell,3,4.1099992813542485e-05,True,,30,20,0.04597701149425287,1.3333333333333333,"{""nodes"": 30, ""edge_prob"": 0.05}"
custom_graph,sparse,custom_graph_sparse_1,smallest_last,3,0.0002204999909736216,True,,30,20,0.04597701149425287,1.3333333333333333,"{""nodes"": 30, ""edge_prob"": 0.05}"
custom_graph,sparse,custom_graph_sparse_1,largest_first,3,2.1500018192455173e-05,True,,30,20,0.04597701149425287,1.3333333333333333,"{""nodes"": 30, ""edge_prob"": 0.05}"
custom_graph,sparse,custom_graph_sparse_1,iterated_greedy,3,7.550002192147076e-05,True,,30,20,0.04597701149425287,1.3333333333333333,"{""nodes"": 30, ""edge_prob"": 0.05}"
custom_graph,medium,custom_graph_medium_0,greedy,4,1.829999382607639e-05,True,,40,62,0.07948717948717948,3.1,"{""nodes"": 40, ""edge_prob"": 0.08}"
custom_graph,medium,custom_graph_medium_0,dsatur,3,0.00012469998910091817,True,,40,62,0.07948717948717948,3.1,"{""nodes"": 40, ""edge_prob"": 0.08}"
custom_graph,medium,custom_graph_medium_0,welsh_powell,4,7.450001430697739e-05,True,,40,62,0.07948717948717948,3.1,"{""nodes"": 40, ""edge_prob"": 0.08}"
custom_graph,medium,custom_graph_medium_0,smallest_last,3,0.0004076999903190881,True,,40,62,0.07948717948717948,3.1,"{""nodes"": 40, ""edge_prob"": 0.08}"
custom_graph,medium,custom_graph_medium_0,largest_first,4,3.120000474154949e-05,True,,40,62,0.07948717948717948,3.1,"{""nodes"": 40, ""edge_prob"": 0.08}"
custom_graph,medium,custom_graph_medium_0,iterated_greedy,4,0.00012399998377077281,True,,40,62,0.07948717948717948,3.1,"{""nodes"": 40, ""edge_prob"": 0.08}"
custom_graph,medium,custom_graph_medium_1,greedy,4,1.969997538253665e-05,True,,40,74,0.09487179487179487,3.7,"{""nodes"": 40, ""edge_prob"": 0.08}"
custom_graph,medium,custom_graph_medium_1,dsatur,4,0.0001542000100016594,True,,40,74,0.09487179487179487,3.7,"{""nodes"": 40, ""edge_prob"": 0.08}"
custom_graph,medium,custom_graph_medium_1,welsh_powell,3,7.54999928176403e-05,True,,40,74,0.09487179487179487,3.7,"{""nodes"": 40, ""edge_prob"": 0.08}"
custom_graph,medium,custom_graph_medium_1,smallest_last,3,0.0004417999880388379,True,,40,74,0.09487179487179487,3.7,"{""nodes"": 40, ""edge_prob"": 0.08}"
custom_graph,medium,custom_graph_medium_1,largest_first,4,3.460000152699649e-05,True,,40,74,0.09487179487179487,3.7,"{""nodes"": 40, ""edge_prob"": 0.08}"
custom_graph,medium,custom_graph_medium_1,iterated_greedy,4,0.00013880000915378332,True,,40,74,0.09487179487179487,3.7,"{""nodes"": 40, ""edge_prob"": 0.08}"
custom_graph,dense,custom_graph_dense_0,greedy,5,3.0399998649954796e-05,True,,50,133,0.10857142857142857,5.32,"{""nodes"": 50, ""edge_prob"": 0.12}"
custom_graph,dense,custom_graph_dense_0,dsatur,4,0.00023990002227947116,True,,50,133,0.10857142857142857,5.32,"{""nodes"": 50, ""edge_prob"": 0.12}"
custom_graph,dense,custom_graph_dense_0,welsh_powell,5,0.00012060001608915627,True,,50,133,0.10857142857142857,5.32,"{""nodes"": 50, ""edge_prob"": 0.12}"
custom_graph,dense,custom_graph_dense_0,smallest_last,5,0.0007449999975506216,True,,50,133,0.10857142857142857,5.32,"{""nodes"": 50, ""edge_prob"": 0.12}"
custom_graph,dense,custom_graph_dense_0,largest_first,5,5.319999763742089e-05,True,,50,133,0.10857142857142857,5.32,"{""nodes"": 50, ""edge_prob"": 0.12}"
custom_graph,dense,custom_graph_dense_0,iterated_greedy,5,0.00021180001203902066,True,,50,133,0.10857142857142857,5.32,"{""nodes"": 50, ""edge_prob"": 0.12}"
